id,name,category,price,stock,supplier
1,Gourmet Cleaner,Household,3093.59,13,Household Solutions Inc.
2,Organic Cream,Dairy,2539.25,188,Dairy Solutions Inc.
3,Pure Spinach,Produce,819.58,7,Produce Solutions Inc.
4,Premium Detergent,Household,78.05,93,Household Solutions Inc.
5,Golden Soap,Household,3903.48,101,Household Solutions Inc.
6,Premium Ice Cream,Frozen Foods,4358.39,91,Frozen Foods Solutions Inc.
7,Instant Iced Tea,Beverages,44.37,51,Beverages Solutions Inc.
8,Fresh Rice,Grains,1214.66,13,Grains Solutions Inc.
9,Organic Bagel,Bakery,3708.69,155,Bakery Solutions Inc.
10,Sweet Cookies,Snacks,707.76,2,Snacks Solutions Inc.
11,Spicy Berries,Frozen Foods,4014.44,79,Frozen Foods Solutions Inc.
12,Instant Tablet,Electronics,4496.85,35,Electronics Solutions Inc.
13,Premium Pretzels,Snacks,1520.08,79,Snacks Solutions Inc.
14,Organic Iced Tea,Beverages,2068.52,67,Beverages Solutions Inc.
15,Instant Pie,Bakery,3833.2,67,Bakery Solutions Inc.
16,Organic Water,Beverages,4593.69,124,Beverages Solutions Inc.
17,Instant Water,Beverages,3762.73,185,Beverages Solutions Inc.
18,Classic Grapes,Produce,3001.96,124,Produce Solutions Inc.
19,Instant Cereal,Grains,3389.52,40,Grains Solutions Inc.
20,Gourmet Coffee,Beverages,3039.97,122,Beverages Solutions Inc.
21,Pure Camera,Electronics,2847.61,38,Electronics Solutions Inc.
22,Classic Shaving Cream,Personal Care,558.69,158,Personal Care Solutions Inc.
23,Instant Nuts,Snacks,4543.33,70,Snacks Solutions Inc.
24,Gourmet Watch,Electronics,825.8,41,Electronics Solutions Inc.
25,Organic Rice,Grains,20.93,162,Grains Solutions Inc.
26,Sweet Flour,Grains,2644.87,26,Grains Solutions Inc.
27,Premium Paper Towel,Household,912.01,133,Household Solutions Inc.
28,Golden Tomatoes,Produce,4339.05,176,Produce Solutions Inc.
29,Sweet Yogurt,Dairy,2113.48,64,Dairy Solutions Inc.
30,Golden Bagel,Bakery,4167.24,37,Bakery Solutions Inc.
31,Pure Waffles,Frozen Foods,2000.71,66,Frozen Foods Solutions Inc.
32,Sweet Sponge,Household,1299.88,199,Household Solutions Inc.
33,Pure Soap,Household,3845.01,118,Household Solutions Inc.
34,Fresh Pizza,Frozen Foods,408.42,142,Frozen Foods Solutions Inc.
35,Gourmet Lemonade,Beverages,3929.13,75,Beverages Solutions Inc.
36,Golden Vegetables,Frozen Foods,3025.33,86,Frozen Foods Solutions Inc.
37,Pure Cake,Bakery,226.91,25,Bakery Solutions Inc.
38,Spicy Soap,Household,3816.2,152,Household Solutions Inc.
39,Gourmet Smoothie,Beverages,2985.31,74,Beverages Solutions Inc.
40,Instant Strawberries,Produce,1692.82,82,Produce Solutions Inc.
41,Instant Shampoo,Personal Care,3685.09,86,Personal Care Solutions Inc.
42,Pure Butter,Dairy,2174.15,51,Dairy Solutions Inc.
43,Organic Soda,Beverages,790.9,188,Beverages Solutions Inc.
44,Golden Nuts,Snacks,2996.97,38,Snacks Solutions Inc.
45,Gourmet Chicken Nuggets,Frozen Foods,2652.86,20,Frozen Foods Solutions Inc.
46,Golden Dumplings,Frozen Foods,2055.56,62,Frozen Foods Solutions Inc.
47,Classic Water,Beverages,3839.16,189,Beverages Solutions Inc.
48,Instant Chicken Nuggets,Frozen Foods,753.45,139,Frozen Foods Solutions Inc.
49,Sweet Soda,Beverages,872.61,29,Beverages Solutions Inc.
50,Golden Smartphone,Electronics,3866.09,70,Electronics Solutions Inc.
51,Gourmet Keyboard,Electronics,2172.87,60,Electronics Solutions Inc.
52,Golden Beans,Grains,4706.21,173,Grains Solutions Inc.
53,Fresh Sour Cream,Dairy,1627.11,112,Dairy Solutions Inc.
54,Gourmet Shampoo,Personal Care,104.69,180,Personal Care Solutions Inc.
55,Instant Headphones,Electronics,4639.74,143,Electronics Solutions Inc.
56,Fresh Trash Bags,Household,4228.22,28,Household Solutions Inc.
57,Sweet Chocolate,Snacks,1194.7,96,Snacks Solutions Inc.
58,Gourmet Butter,Dairy,652.12,137,Dairy Solutions Inc.
59,Premium Croissant,Bakery,4999.23,93,Bakery Solutions Inc.
60,Instant Watch,Electronics,3271.0,89,Electronics Solutions Inc.
61,Sweet Iced Tea,Beverages,2254.69,55,Beverages Solutions Inc.
62,Gourmet Iced Tea,Beverages,3641.92,140,Beverages Solutions Inc.
63,Sweet Headphones,Electronics,3185.04,139,Electronics Solutions Inc.
64,Organic Fruit Bar,Snacks,2330.73,54,Snacks Solutions Inc.
65,Fresh Cottage Cheese,Dairy,1185.4,166,Dairy Solutions Inc.
66,Spicy Rice Cakes,Snacks,3364.46,56,Snacks Solutions Inc.
67,Fresh Tablet,Electronics,1329.86,175,Electronics Solutions Inc.
68,Premium Face Wash,Personal Care,4667.93,57,Personal Care Solutions Inc.
69,Sweet Cake,Bakery,3699.64,177,Bakery Solutions Inc.
70,Golden Broccoli,Produce,3285.15,133,Produce Solutions Inc.
71,Spicy Baguette,Bakery,2817.39,33,Bakery Solutions Inc.
72,Gourmet Hair Gel,Personal Care,365.67,160,Personal Care Solutions Inc.
73,Premium Waffles,Frozen Foods,4804.75,168,Frozen Foods Solutions Inc.
74,Sweet Energy Bar,Snacks,3202.23,127,Snacks Solutions Inc.
75,Fresh Pie,Bakery,154.38,64,Bakery Solutions Inc.
76,Organic Pretzels,Snacks,879.89,171,Snacks Solutions Inc.
77,Sweet Pretzels,Snacks,4564.16,104,Snacks Solutions Inc.
78,Pure Sunscreen,Personal Care,4982.22,84,Personal Care Solutions Inc.
79,Fresh Butter,Dairy,592.66,92,Dairy Solutions Inc.
80,Gourmet Vegetables,Frozen Foods,164.46,199,Frozen Foods Solutions Inc.
81,Organic Butter,Dairy,585.45,110,Dairy Solutions Inc.
82,Fresh Pretzels,Snacks,4870.43,153,Snacks Solutions Inc.
83,Golden Toothpaste,Personal Care,1816.43,36,Personal Care Solutions Inc.
84,Instant Bagel,Bakery,1036.15,147,Bakery Solutions Inc.
85,Spicy Cream,Dairy,2270.74,70,Dairy Solutions Inc.
86,Spicy Carrots,Produce,3904.16,115,Produce Solutions Inc.
87,Golden Eggs,Dairy,536.29,108,Dairy Solutions Inc.
88,Pure Hair Gel,Personal Care,939.73,199,Personal Care Solutions Inc.
89,Golden Waffles,Frozen Foods,1462.84,131,Frozen Foods Solutions Inc.
90,Sweet Waffles,Frozen Foods,2463.64,59,Frozen Foods Solutions Inc.
91,Sweet Oats,Grains,4413.68,74,Grains Solutions Inc.
92,Gourmet Chocolate,Snacks,871.15,96,Snacks Solutions Inc.
93,Classic Keyboard,Electronics,2099.22,192,Electronics Solutions Inc.
94,Instant Camera,Electronics,389.26,44,Electronics Solutions Inc.
95,Organic Lentils,Grains,103.25,14,Grains Solutions Inc.
96,Instant Water,Beverages,1753.64,49,Beverages Solutions Inc.
97,Instant Lemonade,Beverages,2402.89,11,Beverages Solutions Inc.
98,Golden Potatoes,Produce,3789.68,23,Produce Solutions Inc.
99,Sweet Eggs,Dairy,1858.68,149,Dairy Solutions Inc.
100,Sweet Sour Cream,Dairy,2464.07,144,Dairy Solutions Inc.
101,Pure Donut,Bakery,3884.42,139,Bakery Solutions Inc.
102,Pure Coffee,Beverages,2015.79,142,Beverages Solutions Inc.
103,Organic Toilet Paper,Household,3603.58,68,Household Solutions Inc.
104,Golden Disinfectant,Household,2224.6,2,Household Solutions Inc.
105,Organic Fabric Softener,Household,1229.38,90,Household Solutions Inc.
106,Gourmet Fish Sticks,Frozen Foods,4500.75,48,Frozen Foods Solutions Inc.
107,Sweet Pizza,Frozen Foods,491.34,84,Frozen Foods Solutions Inc.
108,Fresh Ice Cream,Frozen Foods,872.22,33,Frozen Foods Solutions Inc.
109,Gourmet Oats,Grains,2449.5,50,Grains Solutions Inc.
110,Spicy Cookies,Snacks,2532.87,158,Snacks Solutions Inc.
111,Golden Fish Sticks,Frozen Foods,4134.5,122,Frozen Foods Solutions Inc.
112,Gourmet Rice,Grains,1843.55,81,Grains Solutions Inc.
113,Sweet Bananas,Produce,3580.56,110,Produce Solutions Inc.
114,Pure Broccoli,Produce,3713.42,126,Produce Solutions Inc.
115,Golden Fruit Bar,Snacks,1754.1,139,Snacks Solutions Inc.
116,Sweet Muffin,Bakery,4259.49,107,Bakery Solutions Inc.
117,Fresh Dumplings,Frozen Foods,4512.2,82,Frozen Foods Solutions Inc.
118,Golden Soap,Personal Care,2211.7,160,Personal Care Solutions Inc.
119,Golden Chips,Snacks,2721.3,42,Snacks Solutions Inc.
120,Spicy Cottage Cheese,Dairy,2298.16,113,Dairy Solutions Inc.
121,Sweet Milk,Dairy,1812.14,15,Dairy Solutions Inc.
122,Instant Sourdough,Bakery,2824.33,141,Bakery Solutions Inc.
123,Instant Burrito,Frozen Foods,1218.91,44,Frozen Foods Solutions Inc.
124,Pure Chocolate,Snacks,754.57,54,Snacks Solutions Inc.
125,Pure Paper Towel,Household,4853.4,174,Household Solutions Inc.
126,Classic Coffee,Beverages,4806.37,150,Beverages Solutions Inc.
127,Golden Trash Bags,Household,1758.16,197,Household Solutions Inc.
128,Organic Pasta,Grains,1983.09,38,Grains Solutions Inc.
129,Premium Tomatoes,Produce,66.63,69,Produce Solutions Inc.
130,Gourmet Butter,Dairy,3112.15,163,Dairy Solutions Inc.
131,Organic Strawberries,Produce,2029.28,175,Produce Solutions Inc.
132,Pure Sourdough,Bakery,2614.85,126,Bakery Solutions Inc.
133,Sweet Nuts,Snacks,3918.94,192,Snacks Solutions Inc.
134,Organic Quinoa,Grains,3575.87,81,Grains Solutions Inc.
135,Golden Lotion,Personal Care,4843.2,106,Personal Care Solutions Inc.
136,Instant Crackers,Snacks,2300.42,106,Snacks Solutions Inc.
137,Organic Watch,Electronics,2166.47,25,Electronics Solutions Inc.
138,Pure Cereal,Grains,2610.68,42,Grains Solutions Inc.
139,Classic Pasta,Grains,3651.43,53,Grains Solutions Inc.
140,Spicy Chips,Snacks,4852.4,24,Snacks Solutions Inc.
141,Pure Headphones,Electronics,2080.04,56,Electronics Solutions Inc.
142,Spicy Energy Bar,Snacks,4139.35,174,Snacks Solutions Inc.
143,Organic Bananas,Produce,229.78,180,Produce Solutions Inc.
144,Spicy Detergent,Household,2556.21,147,Household Solutions Inc.
145,Organic Spinach,Produce,4576.33,164,Produce Solutions Inc.
146,Fresh Baguette,Bakery,362.8,133,Bakery Solutions Inc.
147,Pure Soda,Beverages,2988.53,161,Beverages Solutions Inc.
148,Organic Coffee,Beverages,2723.94,117,Beverages Solutions Inc.
149,Gourmet Fish Sticks,Frozen Foods,119.65,129,Frozen Foods Solutions Inc.
150,Premium Butter,Dairy,1227.28,13,Dairy Solutions Inc.
151,Gourmet Pie,Bakery,3418.47,62,Bakery Solutions Inc.
152,Spicy Camera,Electronics,3008.17,104,Electronics Solutions Inc.
153,Spicy Lentils,Grains,1207.08,193,Grains Solutions Inc.
154,Organic Fries,Frozen Foods,854.42,150,Frozen Foods Solutions Inc.
155,Gourmet Soda,Beverages,189.78,29,Beverages Solutions Inc.
156,Spicy Grapes,Produce,3340.65,197,Produce Solutions Inc.
157,Instant Lotion,Personal Care,4309.38,56,Personal Care Solutions Inc.
158,Premium Paper Towel,Household,732.4,161,Household Solutions Inc.
159,Sweet Crackers,Snacks,1582.73,162,Snacks Solutions Inc.
160,Spicy Broccoli,Produce,2374.36,83,Produce Solutions Inc.
161,Instant Potatoes,Produce,1962.68,149,Produce Solutions Inc.
162,Gourmet Soda,Beverages,2684.94,135,Beverages Solutions Inc.
163,Spicy Chocolate,Snacks,1805.18,26,Snacks Solutions Inc.
164,Pure Hair Gel,Personal Care,4647.65,16,Personal Care Solutions Inc.
165,Fresh Disinfectant,Household,2699.5,149,Household Solutions Inc.
166,Organic Watch,Electronics,1120.47,101,Electronics Solutions Inc.
167,Premium Margarine,Dairy,1121.16,69,Dairy Solutions Inc.
168,Premium Speaker,Electronics,603.03,132,Electronics Solutions Inc.
169,Gourmet Sunscreen,Personal Care,1024.66,52,Personal Care Solutions Inc.
170,Classic Quinoa,Grains,2071.3,188,Grains Solutions Inc.
171,Gourmet Lemonade,Beverages,3214.61,65,Beverages Solutions Inc.
172,Instant Bread,Grains,474.24,117,Grains Solutions Inc.
173,Golden Sour Cream,Dairy,1393.98,89,Dairy Solutions Inc.
174,Pure Tablet,Electronics,966.47,84,Electronics Solutions Inc.
175,Golden Pasta,Grains,1906.23,121,Grains Solutions Inc.
176,Sweet Cheese,Dairy,3831.18,110,Dairy Solutions Inc.
177,Gourmet Bagel,Bakery,1247.78,96,Bakery Solutions Inc.
178,Premium Energy Bar,Snacks,523.13,95,Snacks Solutions Inc.
179,Organic Popcorn,Snacks,586.8,148,Snacks Solutions Inc.
180,Spicy Broccoli,Produce,27.73,95,Produce Solutions Inc.
181,Instant Brownie,Bakery,2038.04,1,Bakery Solutions Inc.
182,Organic Strawberries,Produce,3007.38,17,Produce Solutions Inc.
183,Pure Rice,Grains,2963.49,17,Grains Solutions Inc.
184,Instant Chocolate,Snacks,2596.48,44,Snacks Solutions Inc.
185,Premium Cottage Cheese,Dairy,1193.92,11,Dairy Solutions Inc.
186,Organic Mouse,Electronics,710.26,21,Electronics Solutions Inc.
187,Instant Sour Cream,Dairy,2109.28,65,Dairy Solutions Inc.
188,Classic Cleaner,Household,2949.81,35,Household Solutions Inc.
189,Spicy Toilet Paper,Household,512.05,48,Household Solutions Inc.
190,Fresh Deodorant,Personal Care,2806.08,11,Personal Care Solutions Inc.
191,Premium Toothpaste,Personal Care,3959.14,24,Personal Care Solutions Inc.
192,Spicy Croissant,Bakery,4990.74,119,Bakery Solutions Inc.
193,Gourmet Crackers,Snacks,4340.14,7,Snacks Solutions Inc.
194,Spicy Chocolate,Snacks,2969.17,161,Snacks Solutions Inc.
195,Gourmet Potatoes,Produce,2453.55,111,Produce Solutions Inc.
196,Instant Energy Bar,Snacks,1347.66,176,Snacks Solutions Inc.
197,Golden Deodorant,Personal Care,3079.24,70,Personal Care Solutions Inc.
198,Organic Energy Drink,Beverages,281.84,112,Beverages Solutions Inc.
199,Gourmet Nuts,Snacks,3918.44,39,Snacks Solutions Inc.
200,Fresh Chocolate,Snacks,3563.67,126,Snacks Solutions Inc.
201,Organic Soda,Beverages,1126.96,81,Beverages Solutions Inc.
202,Golden Waffles,Frozen Foods,54.43,168,Frozen Foods Solutions Inc.
203,Organic Strawberries,Produce,2467.41,35,Produce Solutions Inc.
204,Classic Face Wash,Personal Care,3804.51,158,Personal Care Solutions Inc.
205,Golden Coffee,Beverages,3794.04,140,Beverages Solutions Inc.
206,Instant Croissant,Bakery,3381.88,145,Bakery Solutions Inc.
207,Golden Toilet Paper,Household,1755.66,103,Household Solutions Inc.
208,Gourmet Cream,Dairy,2756.93,120,Dairy Solutions Inc.
209,Fresh Berries,Frozen Foods,4503.76,56,Frozen Foods Solutions Inc.
210,Gourmet Muffin,Bakery,4970.06,88,Bakery Solutions Inc.
211,Fresh Berries,Frozen Foods,1934.53,145,Frozen Foods Solutions Inc.
212,Golden Iced Tea,Beverages,1962.44,21,Beverages Solutions Inc.
213,Organic Lotion,Personal Care,25.15,27,Personal Care Solutions Inc.
214,Spicy Burrito,Frozen Foods,324.43,18,Frozen Foods Solutions Inc.
215,Classic Sponge,Household,2982.77,184,Household Solutions Inc.
216,Organic Juice,Beverages,691.85,144,Beverages Solutions Inc.
217,Golden Grapes,Produce,2020.5,156,Produce Solutions Inc.
218,Gourmet Cake,Bakery,4706.59,149,Bakery Solutions Inc.
219,Organic Pasta,Grains,1464.16,136,Grains Solutions Inc.
220,Classic Sponge,Household,845.34,15,Household Solutions Inc.
221,Sweet Lemonade,Beverages,3180.57,164,Beverages Solutions Inc.
222,Golden Camera,Electronics,2967.32,136,Electronics Solutions Inc.
223,Spicy Chicken Nuggets,Frozen Foods,2962.07,51,Frozen Foods Solutions Inc.
224,Golden Donut,Bakery,761.99,3,Bakery Solutions Inc.
225,Spicy Coffee,Beverages,2716.25,12,Beverages Solutions Inc.
226,Instant Pretzels,Snacks,3648.11,133,Snacks Solutions Inc.
227,Pure Cleaner,Household,2037.51,78,Household Solutions Inc.
228,Premium Rice,Grains,3468.02,16,Grains Solutions Inc.
229,Classic Iced Tea,Beverages,3297.49,104,Beverages Solutions Inc.
230,Organic Pizza,Frozen Foods,1971.82,166,Frozen Foods Solutions Inc.
231,Sweet Headphones,Electronics,1875.72,75,Electronics Solutions Inc.
232,Premium Grapes,Produce,699.8,38,Produce Solutions Inc.
233,Instant Tea,Beverages,649.39,84,Beverages Solutions Inc.
234,Spicy Juice,Beverages,4273.53,52,Beverages Solutions Inc.
235,Gourmet Pasta,Grains,733.13,194,Grains Solutions Inc.
236,Premium Face Wash,Personal Care,4785.13,21,Personal Care Solutions Inc.
237,Spicy Deodorant,Personal Care,983.24,150,Personal Care Solutions Inc.
238,Instant Chocolate,Snacks,4031.99,22,Snacks Solutions Inc.
239,Sweet Face Wash,Personal Care,3969.7,155,Personal Care Solutions Inc.
240,Pure Oats,Grains,4895.02,96,Grains Solutions Inc.
241,Organic Cake,Bakery,2430.39,77,Bakery Solutions Inc.
242,Sweet Fruit Bar,Snacks,779.91,35,Snacks Solutions Inc.
243,Sweet Fries,Frozen Foods,856.3,80,Frozen Foods Solutions Inc.
244,Pure Rice Cakes,Snacks,141.58,121,Snacks Solutions Inc.
245,Instant Keyboard,Electronics,3744.7,67,Electronics Solutions Inc.
246,Sweet Smartphone,Electronics,1722.86,127,Electronics Solutions Inc.
247,Premium Fabric Softener,Household,4954.54,83,Household Solutions Inc.
248,Premium Lemonade,Beverages,1368.43,50,Beverages Solutions Inc.
249,Instant Barley,Grains,3527.3,44,Grains Solutions Inc.
250,Instant Fries,Frozen Foods,1201.75,194,Frozen Foods Solutions Inc.
251,Instant Bread,Grains,3722.83,32,Grains Solutions Inc.
252,Sweet Strawberries,Produce,3131.16,84,Produce Solutions Inc.
253,Fresh Lentils,Grains,4538.04,97,Grains Solutions Inc.
254,Sweet Shampoo,Personal Care,3969.71,193,Personal Care Solutions Inc.
255,Organic Energy Bar,Snacks,1676.27,20,Snacks Solutions Inc.
256,Golden Iced Tea,Beverages,3143.84,12,Beverages Solutions Inc.
257,Golden Crackers,Snacks,641.93,82,Snacks Solutions Inc.
258,Golden Oats,Grains,1805.72,7,Grains Solutions Inc.
259,Golden Headphones,Electronics,1178.99,158,Electronics Solutions Inc.
260,Organic Rice,Grains,715.85,43,Grains Solutions Inc.
261,Premium Paper Towel,Household,1653.24,106,Household Solutions Inc.
262,Golden Disinfectant,Household,4947.97,166,Household Solutions Inc.
263,Sweet Broccoli,Produce,3786.75,158,Produce Solutions Inc.
264,Spicy Potatoes,Produce,528.3,147,Produce Solutions Inc.
265,Classic Watch,Electronics,2957.36,9,Electronics Solutions Inc.
266,Pure Croissant,Bakery,3949.79,101,Bakery Solutions Inc.
267,Gourmet Iced Tea,Beverages,4467.81,101,Beverages Solutions Inc.
268,Golden Fries,Frozen Foods,1162.54,76,Frozen Foods Solutions Inc.
269,Classic Cheese,Dairy,3167.28,200,Dairy Solutions Inc.
270,Golden Cheese,Dairy,2341.74,141,Dairy Solutions Inc.
271,Golden Lemonade,Beverages,4567.9,158,Beverages Solutions Inc.
272,Spicy Potatoes,Produce,1444.39,100,Produce Solutions Inc.
273,Fresh Water,Beverages,2144.75,99,Beverages Solutions Inc.
274,Fresh Cheese,Dairy,3628.07,133,Dairy Solutions Inc.
275,Spicy Lentils,Grains,816.54,158,Grains Solutions Inc.
276,Classic Chips,Snacks,4428.01,188,Snacks Solutions Inc.
277,Gourmet Nuts,Snacks,2887.3,120,Snacks Solutions Inc.
278,Fresh Lentils,Grains,2892.11,199,Grains Solutions Inc.
279,Spicy Fruit Bar,Snacks,1393.83,115,Snacks Solutions Inc.
280,Fresh Iced Tea,Beverages,2773.37,53,Beverages Solutions Inc.
281,Sweet Paper Towel,Household,3838.04,194,Household Solutions Inc.
282,Premium Donut,Bakery,799.56,147,Bakery Solutions Inc.
283,Organic Watch,Electronics,3294.55,69,Electronics Solutions Inc.
284,Instant Rice Cakes,Snacks,1173.23,200,Snacks Solutions Inc.
285,Classic Headphones,Electronics,3709.41,5,Electronics Solutions Inc.
286,Spicy Soap,Household,432.78,81,Household Solutions Inc.
287,Organic Margarine,Dairy,833.59,66,Dairy Solutions Inc.
288,Classic Disinfectant,Household,903.85,166,Household Solutions Inc.
289,Spicy Cream,Dairy,4061.89,30,Dairy Solutions Inc.
290,Fresh Tomatoes,Produce,4406.56,107,Produce Solutions Inc.
291,Sweet Fish Sticks,Frozen Foods,3906.96,180,Frozen Foods Solutions Inc.
292,Organic Hair Gel,Personal Care,530.96,8,Personal Care Solutions Inc.
293,Gourmet Nuts,Snacks,4336.75,172,Snacks Solutions Inc.
294,Spicy Mouse,Electronics,4709.09,41,Electronics Solutions Inc.
295,Instant Soap,Personal Care,2417.06,132,Personal Care Solutions Inc.
296,Organic Crackers,Snacks,1679.42,125,Snacks Solutions Inc.
297,Organic Fish Sticks,Frozen Foods,4894.86,195,Frozen Foods Solutions Inc.
298,Pure Bagel,Bakery,2948.09,24,Bakery Solutions Inc.
299,Premium Waffles,Frozen Foods,2152.96,143,Frozen Foods Solutions Inc.
300,Golden Beans,Grains,3539.05,124,Grains Solutions Inc.
301,Golden Mouse,Electronics,3323.5,67,Electronics Solutions Inc.
302,Fresh Cereal,Grains,1860.62,31,Grains Solutions Inc.
303,Gourmet Lotion,Personal Care,2982.91,51,Personal Care Solutions Inc.
304,Instant Lemonade,Beverages,2735.63,52,Beverages Solutions Inc.
305,Instant Soda,Beverages,4741.23,178,Beverages Solutions Inc.
306,Golden Oats,Grains,777.33,27,Grains Solutions Inc.
307,Fresh Carrots,Produce,186.8,147,Produce Solutions Inc.
308,Gourmet Crackers,Snacks,2218.79,174,Snacks Solutions Inc.
309,Organic Water,Beverages,1189.51,149,Beverages Solutions Inc.
310,Gourmet Nuts,Snacks,668.84,116,Snacks Solutions Inc.
311,Instant Energy Bar,Snacks,3697.33,87,Snacks Solutions Inc.
312,Spicy Pasta,Grains,584.96,99,Grains Solutions Inc.
313,Classic Tea,Beverages,49.63,132,Beverages Solutions Inc.
314,Premium Croissant,Bakery,4626.63,96,Bakery Solutions Inc.
315,Golden Iced Tea,Beverages,4164.36,115,Beverages Solutions Inc.
316,Sweet Croissant,Bakery,4248.07,80,Bakery Solutions Inc.
317,Golden Juice,Beverages,858.32,71,Beverages Solutions Inc.
318,Sweet Face Wash,Personal Care,739.01,191,Personal Care Solutions Inc.
319,Gourmet Cream,Dairy,1484.51,180,Dairy Solutions Inc.
320,Pure Rice,Grains,4065.98,91,Grains Solutions Inc.
321,Instant Soda,Beverages,2120.4,186,Beverages Solutions Inc.
322,Fresh Iced Tea,Beverages,3520.15,143,Beverages Solutions Inc.
323,Classic Pie,Bakery,1199.81,2,Bakery Solutions Inc.
324,Pure Coconut Water,Beverages,1811.3,8,Beverages Solutions Inc.
325,Golden Sponge,Household,2335.32,133,Household Solutions Inc.
326,Golden Chocolate,Snacks,693.77,30,Snacks Solutions Inc.
327,Instant Brownie,Bakery,4151.88,146,Bakery Solutions Inc.
328,Golden Dumplings,Frozen Foods,4504.49,135,Frozen Foods Solutions Inc.
329,Premium Watch,Electronics,4169.46,132,Electronics Solutions Inc.
330,Sweet Burrito,Frozen Foods,4689.44,81,Frozen Foods Solutions Inc.
331,Organic Tortilla,Bakery,4961.13,115,Bakery Solutions Inc.
332,Golden Laptop,Electronics,3352.41,105,Electronics Solutions Inc.
333,Pure Lentils,Grains,865.62,75,Grains Solutions Inc.
334,Golden Shaving Cream,Personal Care,3280.44,171,Personal Care Solutions Inc.
335,Instant Gloves,Household,1386.01,121,Household Solutions Inc.
336,Classic Coconut Water,Beverages,4289.79,57,Beverages Solutions Inc.
337,Classic Paper Towel,Household,4665.85,120,Household Solutions Inc.
338,Instant Soap,Household,840.12,194,Household Solutions Inc.
339,Premium Camera,Electronics,243.89,149,Electronics Solutions Inc.
340,Golden Fruit Bar,Snacks,3816.12,31,Snacks Solutions Inc.
341,Sweet Mouse,Electronics,4710.9,166,Electronics Solutions Inc.
342,Spicy Pie,Bakery,2215.99,126,Bakery Solutions Inc.
343,Fresh Chocolate,Snacks,1350.55,90,Snacks Solutions Inc.
344,Pure Keyboard,Electronics,118.52,136,Electronics Solutions Inc.
345,Gourmet Tea,Beverages,1821.05,125,Beverages Solutions Inc.
346,Classic Fish Sticks,Frozen Foods,4074.74,143,Frozen Foods Solutions Inc.
347,Fresh Tea,Beverages,1105.74,66,Beverages Solutions Inc.
348,Gourmet Sunscreen,Personal Care,4140.72,122,Personal Care Solutions Inc.
349,Sweet Cereal,Grains,1900.15,96,Grains Solutions Inc.
350,Organic Muffin,Bakery,3875.82,142,Bakery Solutions Inc.
351,Sweet Pasta,Grains,2606.61,64,Grains Solutions Inc.
352,Classic Sour Cream,Dairy,2703.15,94,Dairy Solutions Inc.
353,Fresh Trash Bags,Household,2521.44,9,Household Solutions Inc.
354,Instant Vegetables,Frozen Foods,1018.48,135,Frozen Foods Solutions Inc.
355,Organic Chocolate,Snacks,2950.18,195,Snacks Solutions Inc.
356,Spicy Trash Bags,Household,1986.56,14,Household Solutions Inc.
357,Spicy Soap,Personal Care,785.14,112,Personal Care Solutions Inc.
358,Fresh Strawberries,Produce,4589.48,104,Produce Solutions Inc.
359,Sweet Sourdough,Bakery,3922.51,135,Bakery Solutions Inc.
360,Gourmet Spinach,Produce,1900.69,176,Produce Solutions Inc.
361,Sweet Baguette,Bakery,1337.01,2,Bakery Solutions Inc.
362,Golden Speaker,Electronics,2981.25,77,Electronics Solutions Inc.
363,Instant Water,Beverages,1666.5,172,Beverages Solutions Inc.
364,Instant Toilet Paper,Household,4945.16,26,Household Solutions Inc.
365,Fresh Brownie,Bakery,4537.92,158,Bakery Solutions Inc.
366,Sweet Water,Beverages,2742.13,58,Beverages Solutions Inc.
367,Pure Laptop,Electronics,2356.28,132,Electronics Solutions Inc.
368,Pure Apples,Produce,3716.77,73,Produce Solutions Inc.
369,Gourmet Nuts,Snacks,3812.7,96,Snacks Solutions Inc.
370,Premium Juice,Beverages,3939.5,168,Beverages Solutions Inc.
371,Premium Watch,Electronics,3134.96,4,Electronics Solutions Inc.
372,Sweet Monitor,Electronics,3134.58,70,Electronics Solutions Inc.
373,Fresh Mouse,Electronics,1287.44,65,Electronics Solutions Inc.
374,Gourmet Baguette,Bakery,2422.31,25,Bakery Solutions Inc.
375,Instant Disinfectant,Household,2980.18,42,Household Solutions Inc.
376,Instant Ice Cream,Frozen Foods,3992.9,88,Frozen Foods Solutions Inc.
377,Gourmet Margarine,Dairy,1907.45,80,Dairy Solutions Inc.
378,Sweet Soda,Beverages,1137.48,9,Beverages Solutions Inc.
379,Sweet Croissant,Bakery,68.03,170,Bakery Solutions Inc.
380,Premium Milk,Dairy,4168.67,47,Dairy Solutions Inc.
381,Pure Cream,Dairy,2390.81,161,Dairy Solutions Inc.
382,Organic Coconut Water,Beverages,708.68,151,Beverages Solutions Inc.
383,Instant Cottage Cheese,Dairy,2085.1,198,Dairy Solutions Inc.
384,Premium Baguette,Bakery,1806.68,110,Bakery Solutions Inc.
385,Fresh Cheese,Dairy,3303.36,135,Dairy Solutions Inc.
386,Pure Chips,Snacks,227.59,200,Snacks Solutions Inc.
387,Sweet Popcorn,Snacks,1822.9,20,Snacks Solutions Inc.
388,Classic Headphones,Electronics,2266.57,29,Electronics Solutions Inc.
389,Premium Monitor,Electronics,3668.63,12,Electronics Solutions Inc.
390,Golden Detergent,Household,1167.28,116,Household Solutions Inc.
391,Sweet Strawberries,Produce,2355.39,172,Produce Solutions Inc.
392,Organic Tablet,Electronics,4634.48,122,Electronics Solutions Inc.
393,Gourmet Crackers,Snacks,2415.59,118,Snacks Solutions Inc.
394,Classic Toilet Paper,Household,952.17,173,Household Solutions Inc.
395,Gourmet Coffee,Beverages,297.6,78,Beverages Solutions Inc.
396,Fresh Cake,Bakery,4915.46,102,Bakery Solutions Inc.
397,Golden Rice,Grains,3025.32,198,Grains Solutions Inc.
398,Pure Toothpaste,Personal Care,4605.87,9,Personal Care Solutions Inc.
399,Classic Iced Tea,Beverages,1777.81,141,Beverages Solutions Inc.
400,Fresh Baguette,Bakery,3711.47,63,Bakery Solutions Inc.
401,Premium Croissant,Bakery,3265.44,128,Bakery Solutions Inc.
402,Organic Pretzels,Snacks,880.93,106,Snacks Solutions Inc.
403,Spicy Fish Sticks,Frozen Foods,565.54,162,Frozen Foods Solutions Inc.
404,Instant Soy Milk,Dairy,727.21,66,Dairy Solutions Inc.
405,Fresh Bagel,Bakery,2138.78,161,Bakery Solutions Inc.
406,Organic Broccoli,Produce,1468.89,168,Produce Solutions Inc.
407,Sweet Shampoo,Personal Care,4766.9,0,Personal Care Solutions Inc.
408,Classic Muffin,Bakery,282.73,131,Bakery Solutions Inc.
409,Organic Juice,Beverages,3821.7,21,Beverages Solutions Inc.
410,Organic Gloves,Household,1233.12,52,Household Solutions Inc.
411,Classic Burrito,Frozen Foods,4261.96,12,Frozen Foods Solutions Inc.
412,Spicy Sponge,Household,1629.51,166,Household Solutions Inc.
413,Premium Energy Drink,Beverages,1400.73,148,Beverages Solutions Inc.
414,Golden Gloves,Household,708.55,152,Household Solutions Inc.
415,Golden Shaving Cream,Personal Care,293.76,141,Personal Care Solutions Inc.
416,Gourmet Cottage Cheese,Dairy,4573.97,44,Dairy Solutions Inc.
417,Organic Brownie,Bakery,676.73,34,Bakery Solutions Inc.
418,Organic Smoothie,Beverages,2329.57,70,Beverages Solutions Inc.
419,Organic Yogurt,Dairy,4893.14,64,Dairy Solutions Inc.
420,Spicy Iced Tea,Beverages,4278.53,71,Beverages Solutions Inc.
421,Pure Cleaner,Household,3660.37,40,Household Solutions Inc.
422,Premium Spinach,Produce,2781.44,111,Produce Solutions Inc.
423,Spicy Watch,Electronics,3624.81,78,Electronics Solutions Inc.
424,Instant Cottage Cheese,Dairy,3453.14,51,Dairy Solutions Inc.
425,Classic Water,Beverages,2671.7,75,Beverages Solutions Inc.
426,Golden Strawberries,Produce,2553.82,161,Produce Solutions Inc.
427,Pure Chocolate,Snacks,2440.18,108,Snacks Solutions Inc.
428,Golden Bread,Grains,1470.24,173,Grains Solutions Inc.
429,Instant Chips,Snacks,3720.61,12,Snacks Solutions Inc.
430,Spicy Fabric Softener,Household,4587.09,163,Household Solutions Inc.
431,Fresh Soap,Personal Care,24.98,176,Personal Care Solutions Inc.
432,Pure Brownie,Bakery,3615.78,92,Bakery Solutions Inc.
433,Organic Pasta,Grains,1380.8,4,Grains Solutions Inc.
434,Premium Apples,Produce,3887.77,10,Produce Solutions Inc.
435,Pure Trash Bags,Household,2763.65,13,Household Solutions Inc.
436,Golden Sourdough,Bakery,4305.33,66,Bakery Solutions Inc.
437,Sweet Camera,Electronics,2442.11,45,Electronics Solutions Inc.
438,Fresh Vegetables,Frozen Foods,2216.78,86,Frozen Foods Solutions Inc.
439,Pure Quinoa,Grains,2916.59,24,Grains Solutions Inc.
440,Spicy Camera,Electronics,2775.06,184,Electronics Solutions Inc.
441,Fresh Pizza,Frozen Foods,4520.26,48,Frozen Foods Solutions Inc.
442,Golden Face Wash,Personal Care,1953.14,43,Personal Care Solutions Inc.
443,Spicy Baguette,Bakery,2650.83,93,Bakery Solutions Inc.
444,Instant Bananas,Produce,4179.04,149,Produce Solutions Inc.
445,Gourmet Popcorn,Snacks,835.45,34,Snacks Solutions Inc.
446,Fresh Cream,Dairy,4063.97,168,Dairy Solutions Inc.
447,Gourmet Pretzels,Snacks,2399.02,164,Snacks Solutions Inc.
448,Premium Paper Towel,Household,1968.25,3,Household Solutions Inc.
449,Classic Rice,Grains,1533.45,144,Grains Solutions Inc.
450,Gourmet Cottage Cheese,Dairy,2506.12,33,Dairy Solutions Inc.
451,Gourmet Broccoli,Produce,707.29,131,Produce Solutions Inc.
452,Classic Cheese,Dairy,4411.27,82,Dairy Solutions Inc.
453,Gourmet Bananas,Produce,1630.31,145,Produce Solutions Inc.
454,Instant Carrots,Produce,4661.65,167,Produce Solutions Inc.
455,Premium Tortilla,Bakery,491.24,142,Bakery Solutions Inc.
456,Spicy Croissant,Bakery,4165.28,97,Bakery Solutions Inc.
457,Gourmet Carrots,Produce,1897.58,5,Produce Solutions Inc.
458,Spicy Apples,Produce,645.3,188,Produce Solutions Inc.
459,Golden Grapes,Produce,4736.07,51,Produce Solutions Inc.
460,Spicy Baguette,Bakery,1630.01,126,Bakery Solutions Inc.
461,Pure Burrito,Frozen Foods,1047.61,179,Frozen Foods Solutions Inc.
462,Premium Ice Cream,Frozen Foods,392.26,188,Frozen Foods Solutions Inc.
463,Sweet Disinfectant,Household,1713.74,19,Household Solutions Inc.
464,Gourmet Disinfectant,Household,344.29,37,Household Solutions Inc.
465,Golden Pretzels,Snacks,908.53,174,Snacks Solutions Inc.
466,Organic Baguette,Bakery,190.82,57,Bakery Solutions Inc.
467,Organic Cleaner,Household,257.86,70,Household Solutions Inc.
468,Classic Cleaner,Household,1239.83,160,Household Solutions Inc.
469,Instant Trash Bags,Household,1373.97,39,Household Solutions Inc.
470,Pure Paper Towel,Household,971.31,84,Household Solutions Inc.
471,Classic Apples,Produce,1235.24,159,Produce Solutions Inc.
472,Premium Fish Sticks,Frozen Foods,2043.9,171,Frozen Foods Solutions Inc.
473,Gourmet Bananas,Produce,4448.34,82,Produce Solutions Inc.
474,Sweet Dumplings,Frozen Foods,916.9,175,Frozen Foods Solutions Inc.
475,Golden Margarine,Dairy,1254.3,192,Dairy Solutions Inc.
476,Golden Grapes,Produce,1484.58,168,Produce Solutions Inc.
477,Classic Mouthwash,Personal Care,667.96,6,Personal Care Solutions Inc.
478,Golden Toothpaste,Personal Care,3514.0,17,Personal Care Solutions Inc.
479,Fresh Lentils,Grains,4268.78,80,Grains Solutions Inc.
480,Sweet Cream,Dairy,4732.13,35,Dairy Solutions Inc.
481,Gourmet Waffles,Frozen Foods,4940.28,146,Frozen Foods Solutions Inc.
482,Premium Energy Bar,Snacks,1139.65,21,Snacks Solutions Inc.
483,Organic Monitor,Electronics,960.98,150,Electronics Solutions Inc.
484,Pure Fruit Bar,Snacks,444.84,30,Snacks Solutions Inc.
485,Sweet Sunscreen,Personal Care,1412.59,131,Personal Care Solutions Inc.
486,Golden Pie,Bakery,3959.83,73,Bakery Solutions Inc.
487,Sweet Milk,Dairy,4365.39,192,Dairy Solutions Inc.
488,Organic Grapes,Produce,1329.83,138,Produce Solutions Inc.
489,Sweet Mouthwash,Personal Care,1133.93,131,Personal Care Solutions Inc.
490,Pure Vegetables,Frozen Foods,4104.02,46,Frozen Foods Solutions Inc.
491,Sweet Monitor,Electronics,3863.69,29,Electronics Solutions Inc.
492,Pure Water,Beverages,3234.18,166,Beverages Solutions Inc.
493,Classic Lentils,Grains,2536.91,44,Grains Solutions Inc.
494,Pure Milk,Dairy,2099.51,4,Dairy Solutions Inc.
495,Spicy Dumplings,Frozen Foods,3112.22,170,Frozen Foods Solutions Inc.
496,Sweet Beans,Grains,3411.86,78,Grains Solutions Inc.
497,Sweet Chips,Snacks,2701.5,137,Snacks Solutions Inc.
498,Organic Paper Towel,Household,911.87,16,Household Solutions Inc.
499,Premium Lemonade,Beverages,4224.12,92,Beverages Solutions Inc.
500,Gourmet Dumplings,Frozen Foods,1586.85,0,Frozen Foods Solutions Inc.
501,Gourmet Bread,Grains,2020.9,11,Grains Solutions Inc.
502,Premium Cheese,Dairy,4924.52,29,Dairy Solutions Inc.
503,Classic Sourdough,Bakery,3309.57,106,Bakery Solutions Inc.
504,Golden Watch,Electronics,3762.99,54,Electronics Solutions Inc.
505,Premium Broccoli,Produce,4831.08,191,Produce Solutions Inc.
506,Sweet Gloves,Household,3771.58,56,Household Solutions Inc.
507,Classic Margarine,Dairy,3168.87,61,Dairy Solutions Inc.
508,Premium Trash Bags,Household,4636.19,126,Household Solutions Inc.
509,Pure Cottage Cheese,Dairy,281.77,180,Dairy Solutions Inc.
510,Sweet Tortilla,Bakery,3274.7,158,Bakery Solutions Inc.
511,Organic Sourdough,Bakery,744.51,155,Bakery Solutions Inc.
512,Classic Bread,Grains,630.07,46,Grains Solutions Inc.
513,Organic Nuts,Snacks,3372.63,162,Snacks Solutions Inc.
514,Classic Spinach,Produce,4628.61,90,Produce Solutions Inc.
515,Spicy Tomatoes,Produce,947.17,1,Produce Solutions Inc.
516,Organic Coffee,Beverages,4561.81,100,Beverages Solutions Inc.
517,Gourmet Energy Bar,Snacks,1915.19,71,Snacks Solutions Inc.
518,Spicy Bread,Grains,3261.36,172,Grains Solutions Inc.
519,Pure Quinoa,Grains,3919.98,27,Grains Solutions Inc.
520,Sweet Broccoli,Produce,2955.92,88,Produce Solutions Inc.
521,Fresh Smartphone,Electronics,3551.83,101,Electronics Solutions Inc.
522,Golden Waffles,Frozen Foods,4779.5,79,Frozen Foods Solutions Inc.
523,Spicy Spinach,Produce,3282.84,104,Produce Solutions Inc.
524,Golden Fruit Bar,Snacks,2778.9,106,Snacks Solutions Inc.
525,Organic Toothpaste,Personal Care,4743.44,191,Personal Care Solutions Inc.
526,Classic Soy Milk,Dairy,800.11,151,Dairy Solutions Inc.
527,Premium Camera,Electronics,713.91,65,Electronics Solutions Inc.
528,Classic Fabric Softener,Household,1843.21,56,Household Solutions Inc.
529,Sweet Toothpaste,Personal Care,774.98,1,Personal Care Solutions Inc.
530,Gourmet Headphones,Electronics,2790.17,4,Electronics Solutions Inc.
531,Instant Monitor,Electronics,517.82,73,Electronics Solutions Inc.
532,Organic Sourdough,Bakery,2087.95,44,Bakery Solutions Inc.
533,Golden Lotion,Personal Care,4632.58,194,Personal Care Solutions Inc.
534,Spicy Juice,Beverages,2844.98,186,Beverages Solutions Inc.
535,Organic Paper Towel,Household,3638.89,16,Household Solutions Inc.
536,Organic Spinach,Produce,2698.33,183,Produce Solutions Inc.
537,Instant Nuts,Snacks,596.93,47,Snacks Solutions Inc.
538,Golden Grapes,Produce,4190.15,8,Produce Solutions Inc.
539,Spicy Cleaner,Household,3090.78,188,Household Solutions Inc.
540,Organic Cereal,Grains,3982.52,34,Grains Solutions Inc.
541,Pure Bread,Grains,2056.54,0,Grains Solutions Inc.
542,Gourmet Sourdough,Bakery,291.4,171,Bakery Solutions Inc.
543,Organic Rice,Grains,1819.49,111,Grains Solutions Inc.
544,Golden Bananas,Produce,3533.55,173,Produce Solutions Inc.
545,Premium Energy Bar,Snacks,4069.09,59,Snacks Solutions Inc.
546,Golden Popcorn,Snacks,4641.98,67,Snacks Solutions Inc.
547,Classic Flour,Grains,2040.75,80,Grains Solutions Inc.
548,Organic Fish Sticks,Frozen Foods,2570.26,179,Frozen Foods Solutions Inc.
549,Fresh Keyboard,Electronics,2259.7,1,Electronics Solutions Inc.
550,Spicy Pizza,Frozen Foods,1923.49,58,Frozen Foods Solutions Inc.
551,Premium Fabric Softener,Household,4416.03,162,Household Solutions Inc.
552,Gourmet Yogurt,Dairy,3539.92,130,Dairy Solutions Inc.
553,Organic Keyboard,Electronics,3662.34,87,Electronics Solutions Inc.
554,Pure Headphones,Electronics,2056.88,113,Electronics Solutions Inc.
555,Golden Vegetables,Frozen Foods,160.15,67,Frozen Foods Solutions Inc.
556,Sweet Soap,Household,2317.03,192,Household Solutions Inc.
557,Spicy Barley,Grains,1944.51,107,Grains Solutions Inc.
558,Premium Popcorn,Snacks,2495.84,164,Snacks Solutions Inc.
559,Gourmet Coconut Water,Beverages,1272.76,5,Beverages Solutions Inc.
560,Golden Sourdough,Bakery,1355.48,129,Bakery Solutions Inc.
561,Gourmet Tablet,Electronics,3980.61,117,Electronics Solutions Inc.
562,Golden Mouthwash,Personal Care,3370.82,196,Personal Care Solutions Inc.
563,Sweet Beans,Grains,2243.91,148,Grains Solutions Inc.
564,Pure Fruit Bar,Snacks,4123.44,113,Snacks Solutions Inc.
565,Spicy Ice Cream,Frozen Foods,1664.44,86,Frozen Foods Solutions Inc.
566,Classic Watch,Electronics,3514.29,107,Electronics Solutions Inc.
567,Gourmet Detergent,Household,219.56,38,Household Solutions Inc.
568,Instant Donut,Bakery,50.74,71,Bakery Solutions Inc.
569,Classic Grapes,Produce,1642.6,124,Produce Solutions Inc.
570,Sweet Brownie,Bakery,313.74,101,Bakery Solutions Inc.
571,Gourmet Cereal,Grains,4360.48,15,Grains Solutions Inc.
572,Classic Shampoo,Personal Care,1268.78,59,Personal Care Solutions Inc.
573,Classic Monitor,Electronics,2279.06,143,Electronics Solutions Inc.
574,Premium Iced Tea,Beverages,2127.9,147,Beverages Solutions Inc.
575,Spicy Smartphone,Electronics,4502.86,34,Electronics Solutions Inc.
576,Pure Chicken Nuggets,Frozen Foods,3738.52,192,Frozen Foods Solutions Inc.
577,Pure Yogurt,Dairy,1277.02,11,Dairy Solutions Inc.
578,Gourmet Soy Milk,Dairy,1460.61,144,Dairy Solutions Inc.
579,Premium Croissant,Bakery,3142.28,100,Bakery Solutions Inc.
580,Organic Bagel,Bakery,4915.53,154,Bakery Solutions Inc.
581,Golden Fabric Softener,Household,2006.1,60,Household Solutions Inc.
582,Classic Toothpaste,Personal Care,3878.96,142,Personal Care Solutions Inc.
583,Sweet Gloves,Household,1818.7,77,Household Solutions Inc.
584,Spicy Headphones,Electronics,3361.38,118,Electronics Solutions Inc.
585,Premium Yogurt,Dairy,893.48,24,Dairy Solutions Inc.
586,Fresh Spinach,Produce,2678.53,132,Produce Solutions Inc.
587,Premium Smoothie,Beverages,2422.66,135,Beverages Solutions Inc.
588,Sweet Apples,Produce,69.45,55,Produce Solutions Inc.
589,Spicy Sponge,Household,4661.52,144,Household Solutions Inc.
590,Sweet Speaker,Electronics,342.74,178,Electronics Solutions Inc.
591,Organic Lotion,Personal Care,1103.05,86,Personal Care Solutions Inc.
592,Pure Mouse,Electronics,4757.82,105,Electronics Solutions Inc.
593,Sweet Tortilla,Bakery,68.42,177,Bakery Solutions Inc.
594,Gourmet Potatoes,Produce,1724.05,177,Produce Solutions Inc.
595,Premium Bagel,Bakery,4075.41,73,Bakery Solutions Inc.
596,Spicy Burrito,Frozen Foods,2933.13,23,Frozen Foods Solutions Inc.
597,Pure Water,Beverages,500.48,73,Beverages Solutions Inc.
598,Premium Toothpaste,Personal Care,1722.29,107,Personal Care Solutions Inc.
599,Golden Tea,Beverages,4119.17,81,Beverages Solutions Inc.
600,Fresh Broccoli,Produce,3111.58,2,Produce Solutions Inc.
601,Organic Sourdough,Bakery,3756.69,139,Bakery Solutions Inc.
602,Fresh Bagel,Bakery,4996.86,23,Bakery Solutions Inc.
603,Instant Cheese,Dairy,4036.46,28,Dairy Solutions Inc.
604,Gourmet Fruit Bar,Snacks,1680.82,51,Snacks Solutions Inc.
605,Golden Ice Cream,Frozen Foods,2402.34,36,Frozen Foods Solutions Inc.
606,Pure Sponge,Household,1168.24,199,Household Solutions Inc.
607,Instant Soap,Personal Care,4220.86,21,Personal Care Solutions Inc.
608,Fresh Milk,Dairy,3410.3,139,Dairy Solutions Inc.
609,Gourmet Headphones,Electronics,3446.55,11,Electronics Solutions Inc.
610,Organic Dumplings,Frozen Foods,3686.27,28,Frozen Foods Solutions Inc.
611,Pure Juice,Beverages,597.5,66,Beverages Solutions Inc.
612,Classic Cream,Dairy,837.75,3,Dairy Solutions Inc.
613,Premium Camera,Electronics,2893.9,46,Electronics Solutions Inc.
614,Sweet Dumplings,Frozen Foods,4789.56,5,Frozen Foods Solutions Inc.
615,Instant Pizza,Frozen Foods,4199.06,116,Frozen Foods Solutions Inc.
616,Organic Oats,Grains,2996.26,189,Grains Solutions Inc.
617,Spicy Toothpaste,Personal Care,562.05,155,Personal Care Solutions Inc.
618,Instant Yogurt,Dairy,4104.21,198,Dairy Solutions Inc.
619,Gourmet Bread,Grains,4112.68,140,Grains Solutions Inc.
620,Premium Laptop,Electronics,435.28,44,Electronics Solutions Inc.
621,Golden Grapes,Produce,232.46,190,Produce Solutions Inc.
622,Gourmet Deodorant,Personal Care,2278.09,54,Personal Care Solutions Inc.
623,Golden Shaving Cream,Personal Care,29.46,147,Personal Care Solutions Inc.
624,Classic Pretzels,Snacks,3442.33,143,Snacks Solutions Inc.
625,Pure Burrito,Frozen Foods,3359.01,28,Frozen Foods Solutions Inc.
626,Classic Iced Tea,Beverages,4030.9,95,Beverages Solutions Inc.
627,Pure Bananas,Produce,1157.88,43,Produce Solutions Inc.
628,Gourmet Muffin,Bakery,4221.04,123,Bakery Solutions Inc.
629,Fresh Milk,Dairy,3454.75,127,Dairy Solutions Inc.
630,Classic Pizza,Frozen Foods,4618.37,91,Frozen Foods Solutions Inc.
631,Premium Watch,Electronics,791.74,33,Electronics Solutions Inc.
632,Premium Carrots,Produce,3489.02,178,Produce Solutions Inc.
633,Spicy Soy Milk,Dairy,918.62,4,Dairy Solutions Inc.
634,Gourmet Dumplings,Frozen Foods,4889.96,51,Frozen Foods Solutions Inc.
635,Premium Lemonade,Beverages,2697.27,128,Beverages Solutions Inc.
636,Classic Yogurt,Dairy,2234.6,196,Dairy Solutions Inc.
637,Instant Headphones,Electronics,65.47,15,Electronics Solutions Inc.
638,Classic Chicken Nuggets,Frozen Foods,780.73,50,Frozen Foods Solutions Inc.
639,Classic Waffles,Frozen Foods,2172.46,42,Frozen Foods Solutions Inc.
640,Fresh Cereal,Grains,3190.15,8,Grains Solutions Inc.
641,Gourmet Chips,Snacks,1021.9,37,Snacks Solutions Inc.
642,Organic Brownie,Bakery,591.28,128,Bakery Solutions Inc.
643,Classic Cream,Dairy,4792.84,119,Dairy Solutions Inc.
644,Sweet Lemonade,Beverages,1190.06,124,Beverages Solutions Inc.
645,Premium Lemonade,Beverages,2208.22,173,Beverages Solutions Inc.
646,Pure Vegetables,Frozen Foods,4315.77,117,Frozen Foods Solutions Inc.
647,Golden Rice,Grains,1439.06,178,Grains Solutions Inc.
648,Spicy Tomatoes,Produce,2876.12,122,Produce Solutions Inc.
649,Gourmet Cottage Cheese,Dairy,3913.06,191,Dairy Solutions Inc.
650,Fresh Margarine,Dairy,4606.39,111,Dairy Solutions Inc.
651,Pure Rice Cakes,Snacks,3853.31,17,Snacks Solutions Inc.
652,Gourmet Smartphone,Electronics,1819.6,123,Electronics Solutions Inc.
653,Organic Flour,Grains,1013.84,50,Grains Solutions Inc.
654,Golden Sour Cream,Dairy,4586.14,136,Dairy Solutions Inc.
655,Gourmet Strawberries,Produce,4756.29,196,Produce Solutions Inc.
656,Golden Pretzels,Snacks,336.15,55,Snacks Solutions Inc.
657,Instant Monitor,Electronics,4261.27,141,Electronics Solutions Inc.
658,Fresh Fries,Frozen Foods,3085.77,54,Frozen Foods Solutions Inc.
659,Gourmet Pie,Bakery,3933.48,108,Bakery Solutions Inc.
660,Pure Camera,Electronics,2926.17,163,Electronics Solutions Inc.
661,Golden Pasta,Grains,2072.2,185,Grains Solutions Inc.
662,Premium Butter,Dairy,1436.67,95,Dairy Solutions Inc.
663,Spicy Rice Cakes,Snacks,1438.15,103,Snacks Solutions Inc.
664,Sweet Speaker,Electronics,1061.31,47,Electronics Solutions Inc.
665,Spicy Apples,Produce,3830.02,180,Produce Solutions Inc.
666,Gourmet Tortilla,Bakery,147.88,51,Bakery Solutions Inc.
667,Gourmet Cream,Dairy,1997.87,102,Dairy Solutions Inc.
668,Gourmet Camera,Electronics,4783.79,46,Electronics Solutions Inc.
669,Gourmet Pizza,Frozen Foods,2500.56,120,Frozen Foods Solutions Inc.
670,Golden Cream,Dairy,4366.83,110,Dairy Solutions Inc.
671,Organic Monitor,Electronics,275.96,98,Electronics Solutions Inc.
672,Sweet Cheese,Dairy,4837.22,112,Dairy Solutions Inc.
673,Classic Lemonade,Beverages,525.18,19,Beverages Solutions Inc.
674,Classic Shampoo,Personal Care,3424.82,173,Personal Care Solutions Inc.
675,Spicy Butter,Dairy,1313.89,11,Dairy Solutions Inc.
676,Spicy Waffles,Frozen Foods,1811.38,94,Frozen Foods Solutions Inc.
677,Instant Onions,Produce,1315.87,22,Produce Solutions Inc.
678,Sweet Cake,Bakery,4065.9,189,Bakery Solutions Inc.
679,Organic Cream,Dairy,4066.27,65,Dairy Solutions Inc.
680,Instant Crackers,Snacks,3524.61,159,Snacks Solutions Inc.
681,Pure Disinfectant,Household,1807.99,6,Household Solutions Inc.
682,Classic Quinoa,Grains,1402.02,122,Grains Solutions Inc.
683,Classic Smartphone,Electronics,1664.97,89,Electronics Solutions Inc.
684,Pure Pizza,Frozen Foods,2635.83,158,Frozen Foods Solutions Inc.
685,Classic Pie,Bakery,411.1,43,Bakery Solutions Inc.
686,Golden Hair Gel,Personal Care,933.66,103,Personal Care Solutions Inc.
687,Spicy Camera,Electronics,1708.43,95,Electronics Solutions Inc.
688,Premium Trash Bags,Household,3489.46,175,Household Solutions Inc.
689,Classic Rice,Grains,831.98,125,Grains Solutions Inc.
690,Instant Apples,Produce,2345.09,2,Produce Solutions Inc.
691,Premium Laptop,Electronics,1923.62,54,Electronics Solutions Inc.
692,Pure Lentils,Grains,3333.45,107,Grains Solutions Inc.
693,Instant Nuts,Snacks,4233.19,67,Snacks Solutions Inc.
694,Fresh Dumplings,Frozen Foods,1086.18,171,Frozen Foods Solutions Inc.
695,Premium Pretzels,Snacks,1939.3,20,Snacks Solutions Inc.
696,Pure Dumplings,Frozen Foods,2655.03,39,Frozen Foods Solutions Inc.
697,Premium Grapes,Produce,118.84,176,Produce Solutions Inc.
698,Sweet Vegetables,Frozen Foods,4927.77,184,Frozen Foods Solutions Inc.
699,Organic Smoothie,Beverages,556.91,55,Beverages Solutions Inc.
700,Fresh Bagel,Bakery,4131.15,66,Bakery Solutions Inc.
701,Golden Cookies,Snacks,995.59,171,Snacks Solutions Inc.
702,Instant Cleaner,Household,2231.56,90,Household Solutions Inc.
703,Fresh Potatoes,Produce,4323.84,185,Produce Solutions Inc.
704,Instant Spinach,Produce,3155.85,162,Produce Solutions Inc.
705,Golden Onions,Produce,1274.63,138,Produce Solutions Inc.
706,Pure Sponge,Household,3546.41,173,Household Solutions Inc.
707,Classic Paper Towel,Household,2359.01,103,Household Solutions Inc.
708,Gourmet Brownie,Bakery,2037.74,15,Bakery Solutions Inc.
709,Classic Camera,Electronics,4702.81,140,Electronics Solutions Inc.
710,Classic Strawberries,Produce,944.8,130,Produce Solutions Inc.
711,Fresh Gloves,Household,2610.6,120,Household Solutions Inc.
712,Fresh Tablet,Electronics,493.49,98,Electronics Solutions Inc.
713,Sweet Shaving Cream,Personal Care,3220.22,165,Personal Care Solutions Inc.
714,Classic Juice,Beverages,3978.17,101,Beverages Solutions Inc.
715,Fresh Tablet,Electronics,1496.26,41,Electronics Solutions Inc.
716,Sweet Oats,Grains,3306.18,126,Grains Solutions Inc.
717,Golden Pie,Bakery,1003.88,173,Bakery Solutions Inc.
718,Sweet Deodorant,Personal Care,1461.77,109,Personal Care Solutions Inc.
719,Golden Keyboard,Electronics,1803.05,107,Electronics Solutions Inc.
720,Gourmet Bananas,Produce,424.26,71,Produce Solutions Inc.
721,Organic Bananas,Produce,1055.53,155,Produce Solutions Inc.
722,Sweet Speaker,Electronics,4275.79,198,Electronics Solutions Inc.
723,Sweet Camera,Electronics,3514.27,76,Electronics Solutions Inc.
724,Fresh Barley,Grains,3486.48,133,Grains Solutions Inc.
725,Premium Muffin,Bakery,2152.45,108,Bakery Solutions Inc.
726,Spicy Energy Drink,Beverages,4724.03,181,Beverages Solutions Inc.
727,Spicy Sour Cream,Dairy,4826.34,32,Dairy Solutions Inc.
728,Gourmet Iced Tea,Beverages,1803.95,82,Beverages Solutions Inc.
729,Golden Chips,Snacks,2018.43,45,Snacks Solutions Inc.
730,Organic Soda,Beverages,779.37,198,Beverages Solutions Inc.
731,Classic Margarine,Dairy,3742.77,72,Dairy Solutions Inc.
732,Spicy Speaker,Electronics,2073.74,177,Electronics Solutions Inc.
733,Pure Energy Bar,Snacks,403.28,166,Snacks Solutions Inc.
734,Gourmet Toothpaste,Personal Care,4458.86,198,Personal Care Solutions Inc.
735,Spicy Mouse,Electronics,1808.39,153,Electronics Solutions Inc.
736,Premium Carrots,Produce,3275.71,24,Produce Solutions Inc.
737,Instant Bananas,Produce,689.55,126,Produce Solutions Inc.
738,Fresh Soda,Beverages,1678.92,39,Beverages Solutions Inc.
739,Gourmet Soda,Beverages,3715.79,116,Beverages Solutions Inc.
740,Instant Tea,Beverages,4542.14,125,Beverages Solutions Inc.
741,Organic Coconut Water,Beverages,2900.25,75,Beverages Solutions Inc.
742,Organic Chicken Nuggets,Frozen Foods,3575.56,114,Frozen Foods Solutions Inc.
743,Golden Disinfectant,Household,3605.84,61,Household Solutions Inc.
744,Classic Spinach,Produce,493.86,199,Produce Solutions Inc.
745,Pure Watch,Electronics,435.0,6,Electronics Solutions Inc.
746,Instant Speaker,Electronics,1407.13,191,Electronics Solutions Inc.
747,Gourmet Shampoo,Personal Care,3488.6,81,Personal Care Solutions Inc.
748,Premium Crackers,Snacks,149.5,55,Snacks Solutions Inc.
749,Sweet Fries,Frozen Foods,1026.0,197,Frozen Foods Solutions Inc.
750,Premium Pretzels,Snacks,1931.34,35,Snacks Solutions Inc.
751,Sweet Shaving Cream,Personal Care,1072.47,8,Personal Care Solutions Inc.
752,Fresh Tea,Beverages,1901.84,179,Beverages Solutions Inc.
753,Golden Laptop,Electronics,252.67,0,Electronics Solutions Inc.
754,Classic Soap,Personal Care,2766.86,173,Personal Care Solutions Inc.
755,Fresh Quinoa,Grains,4909.78,104,Grains Solutions Inc.
756,Sweet Croissant,Bakery,4117.02,32,Bakery Solutions Inc.
757,Classic Donut,Bakery,1340.42,192,Bakery Solutions Inc.
758,Classic Coffee,Beverages,3437.87,167,Beverages Solutions Inc.
759,Spicy Hair Gel,Personal Care,1041.44,119,Personal Care Solutions Inc.
760,Pure Energy Bar,Snacks,2990.92,149,Snacks Solutions Inc.
761,Classic Tortilla,Bakery,3484.84,30,Bakery Solutions Inc.
762,Golden Lentils,Grains,3139.9,71,Grains Solutions Inc.
763,Spicy Cream,Dairy,4243.93,48,Dairy Solutions Inc.
764,Organic Mouthwash,Personal Care,3414.07,121,Personal Care Solutions Inc.
765,Premium Soap,Household,2629.8,113,Household Solutions Inc.
766,Pure Fries,Frozen Foods,3854.54,48,Frozen Foods Solutions Inc.
767,Classic Brownie,Bakery,397.34,26,Bakery Solutions Inc.
768,Instant Baguette,Bakery,1834.38,7,Bakery Solutions Inc.
769,Sweet Mouthwash,Personal Care,4280.63,96,Personal Care Solutions Inc.
770,Sweet Broccoli,Produce,2594.23,151,Produce Solutions Inc.
771,Premium Monitor,Electronics,4030.02,165,Electronics Solutions Inc.
772,Pure Headphones,Electronics,1602.89,104,Electronics Solutions Inc.
773,Classic Lemonade,Beverages,3648.44,4,Beverages Solutions Inc.
774,Instant Crackers,Snacks,1042.79,70,Snacks Solutions Inc.
775,Pure Mouse,Electronics,2846.87,42,Electronics Solutions Inc.
776,Golden Speaker,Electronics,566.9,163,Electronics Solutions Inc.
777,Sweet Iced Tea,Beverages,2870.71,118,Beverages Solutions Inc.
778,Sweet Crackers,Snacks,2421.77,199,Snacks Solutions Inc.
779,Golden Nuts,Snacks,680.55,111,Snacks Solutions Inc.
780,Classic Bread,Grains,169.92,148,Grains Solutions Inc.
781,Pure Toilet Paper,Household,3982.54,6,Household Solutions Inc.
782,Pure Spinach,Produce,4190.97,121,Produce Solutions Inc.
783,Classic Shampoo,Personal Care,4943.78,82,Personal Care Solutions Inc.
784,Pure Disinfectant,Household,638.89,189,Household Solutions Inc.
785,Classic Soy Milk,Dairy,4336.16,55,Dairy Solutions Inc.
786,Gourmet Rice,Grains,1787.15,3,Grains Solutions Inc.
787,Premium Carrots,Produce,4166.02,76,Produce Solutions Inc.
788,Fresh Pizza,Frozen Foods,973.58,168,Frozen Foods Solutions Inc.
789,Organic Chocolate,Snacks,704.32,118,Snacks Solutions Inc.
790,Organic Gloves,Household,919.47,171,Household Solutions Inc.
791,Organic Flour,Grains,2878.77,80,Grains Solutions Inc.
792,Fresh Ice Cream,Frozen Foods,1356.62,95,Frozen Foods Solutions Inc.
793,Golden Trash Bags,Household,1537.38,193,Household Solutions Inc.
794,Gourmet Shampoo,Personal Care,3533.69,86,Personal Care Solutions Inc.
795,Premium Yogurt,Dairy,514.73,61,Dairy Solutions Inc.
796,Classic Pie,Bakery,897.75,43,Bakery Solutions Inc.
797,Spicy Bread,Grains,3749.15,6,Grains Solutions Inc.
798,Gourmet Margarine,Dairy,3912.15,15,Dairy Solutions Inc.
799,Pure Vegetables,Frozen Foods,3338.36,57,Frozen Foods Solutions Inc.
800,Sweet Donut,Bakery,632.23,195,Bakery Solutions Inc.
801,Spicy Chicken Nuggets,Frozen Foods,4444.48,98,Frozen Foods Solutions Inc.
802,Classic Chicken Nuggets,Frozen Foods,186.78,99,Frozen Foods Solutions Inc.
803,Classic Trash Bags,Household,3386.06,161,Household Solutions Inc.
804,Golden Bananas,Produce,4332.02,161,Produce Solutions Inc.
805,Instant Toilet Paper,Household,1257.23,194,Household Solutions Inc.
806,Gourmet Broccoli,Produce,4978.34,61,Produce Solutions Inc.
807,Classic Rice,Grains,1238.73,194,Grains Solutions Inc.
808,Pure Laptop,Electronics,4309.45,100,Electronics Solutions Inc.
809,Golden Brownie,Bakery,1410.16,122,Bakery Solutions Inc.
810,Organic Nuts,Snacks,534.35,103,Snacks Solutions Inc.
811,Fresh Baguette,Bakery,2875.97,176,Bakery Solutions Inc.
812,Instant Apples,Produce,3907.37,163,Produce Solutions Inc.
813,Premium Strawberries,Produce,1907.48,182,Produce Solutions Inc.
814,Gourmet Strawberries,Produce,3166.38,72,Produce Solutions Inc.
815,Gourmet Pretzels,Snacks,3331.44,85,Snacks Solutions Inc.
816,Fresh Chocolate,Snacks,2389.1,185,Snacks Solutions Inc.
817,Pure Waffles,Frozen Foods,3447.75,3,Frozen Foods Solutions Inc.
818,Instant Vegetables,Frozen Foods,3604.06,122,Frozen Foods Solutions Inc.
819,Fresh Ice Cream,Frozen Foods,2482.81,91,Frozen Foods Solutions Inc.
820,Classic Toothpaste,Personal Care,1734.09,28,Personal Care Solutions Inc.
821,Golden Cookies,Snacks,46.84,15,Snacks Solutions Inc.
822,Premium Monitor,Electronics,1877.55,170,Electronics Solutions Inc.
823,Classic Nuts,Snacks,1380.22,52,Snacks Solutions Inc.
824,Golden Vegetables,Frozen Foods,4221.41,71,Frozen Foods Solutions Inc.
825,Premium Pasta,Grains,3527.76,112,Grains Solutions Inc.
826,Sweet Hair Gel,Personal Care,1168.49,99,Personal Care Solutions Inc.
827,Gourmet Toothpaste,Personal Care,4160.21,87,Personal Care Solutions Inc.
828,Gourmet Cookies,Snacks,4758.36,159,Snacks Solutions Inc.
829,Gourmet Water,Beverages,4507.6,142,Beverages Solutions Inc.
830,Premium Shampoo,Personal Care,4084.73,96,Personal Care Solutions Inc.
831,Premium Brownie,Bakery,2708.42,60,Bakery Solutions Inc.
832,Golden Fabric Softener,Household,225.59,184,Household Solutions Inc.
833,Golden Energy Drink,Beverages,3062.57,162,Beverages Solutions Inc.
834,Gourmet Quinoa,Grains,1847.71,99,Grains Solutions Inc.
835,Instant Soda,Beverages,4450.77,10,Beverages Solutions Inc.
836,Gourmet Sour Cream,Dairy,3643.44,47,Dairy Solutions Inc.
837,Premium Tortilla,Bakery,4560.25,129,Bakery Solutions Inc.
838,Classic Juice,Beverages,1490.46,198,Beverages Solutions Inc.
839,Organic Cottage Cheese,Dairy,4030.33,100,Dairy Solutions Inc.
840,Classic Potatoes,Produce,2659.65,133,Produce Solutions Inc.
841,Fresh Margarine,Dairy,4935.29,109,Dairy Solutions Inc.
842,Sweet Smartphone,Electronics,4050.6,169,Electronics Solutions Inc.
843,Spicy Soy Milk,Dairy,3702.47,173,Dairy Solutions Inc.
844,Classic Carrots,Produce,2110.59,78,Produce Solutions Inc.
845,Sweet Rice Cakes,Snacks,2541.46,116,Snacks Solutions Inc.
846,Fresh Chicken Nuggets,Frozen Foods,4164.35,129,Frozen Foods Solutions Inc.
847,Classic Shampoo,Personal Care,1653.98,167,Personal Care Solutions Inc.
848,Pure Lentils,Grains,3394.49,57,Grains Solutions Inc.
849,Gourmet Shampoo,Personal Care,664.63,19,Personal Care Solutions Inc.
850,Fresh Watch,Electronics,2852.31,5,Electronics Solutions Inc.
851,Organic Baguette,Bakery,2324.99,74,Bakery Solutions Inc.
852,Pure Cereal,Grains,4333.46,182,Grains Solutions Inc.
853,Fresh Watch,Electronics,971.27,189,Electronics Solutions Inc.
854,Fresh Sponge,Household,2804.05,196,Household Solutions Inc.
855,Premium Camera,Electronics,2330.76,126,Electronics Solutions Inc.
856,Sweet Speaker,Electronics,3292.15,68,Electronics Solutions Inc.
857,Sweet Laptop,Electronics,3665.95,99,Electronics Solutions Inc.
858,Golden Flour,Grains,3266.49,157,Grains Solutions Inc.
859,Organic Grapes,Produce,1184.71,194,Produce Solutions Inc.
860,Sweet Pizza,Frozen Foods,895.24,47,Frozen Foods Solutions Inc.
861,Organic Toothpaste,Personal Care,1662.48,98,Personal Care Solutions Inc.
862,Instant Detergent,Household,1013.2,89,Household Solutions Inc.
863,Organic Iced Tea,Beverages,4263.69,193,Beverages Solutions Inc.
864,Instant Vegetables,Frozen Foods,3312.66,175,Frozen Foods Solutions Inc.
865,Fresh Cleaner,Household,1388.75,77,Household Solutions Inc.
866,Spicy Coconut Water,Beverages,1674.54,73,Beverages Solutions Inc.
867,Instant Laptop,Electronics,3362.45,109,Electronics Solutions Inc.
868,Fresh Tablet,Electronics,3278.0,156,Electronics Solutions Inc.
869,Classic Fruit Bar,Snacks,95.17,185,Snacks Solutions Inc.
870,Golden Paper Towel,Household,4895.95,5,Household Solutions Inc.
871,Sweet Cereal,Grains,4876.35,156,Grains Solutions Inc.
872,Spicy Beans,Grains,2321.78,198,Grains Solutions Inc.
873,Golden Cereal,Grains,3804.46,194,Grains Solutions Inc.
874,Golden Quinoa,Grains,3073.98,26,Grains Solutions Inc.
875,Instant Coffee,Beverages,2492.39,107,Beverages Solutions Inc.
876,Sweet Water,Beverages,309.36,153,Beverages Solutions Inc.
877,Instant Toilet Paper,Household,1562.1,6,Household Solutions Inc.
878,Organic Chips,Snacks,4055.49,106,Snacks Solutions Inc.
879,Sweet Potatoes,Produce,4882.26,68,Produce Solutions Inc.
880,Instant Vegetables,Frozen Foods,4195.19,196,Frozen Foods Solutions Inc.
881,Fresh Cream,Dairy,840.13,78,Dairy Solutions Inc.
882,Fresh Croissant,Bakery,4227.71,188,Bakery Solutions Inc.
883,Instant Apples,Produce,3301.54,14,Produce Solutions Inc.
884,Instant Pretzels,Snacks,3834.96,156,Snacks Solutions Inc.
885,Spicy Mouthwash,Personal Care,3161.85,175,Personal Care Solutions Inc.
886,Instant Donut,Bakery,1347.55,182,Bakery Solutions Inc.
887,Classic Iced Tea,Beverages,3011.96,87,Beverages Solutions Inc.
888,Spicy Brownie,Bakery,1000.18,149,Bakery Solutions Inc.
889,Organic Grapes,Produce,4094.85,8,Produce Solutions Inc.
890,Fresh Soap,Household,4218.66,160,Household Solutions Inc.
891,Gourmet Toothpaste,Personal Care,4260.28,71,Personal Care Solutions Inc.
892,Classic Rice Cakes,Snacks,2950.05,153,Snacks Solutions Inc.
893,Pure Butter,Dairy,2732.57,168,Dairy Solutions Inc.
894,Sweet Sunscreen,Personal Care,1651.35,98,Personal Care Solutions Inc.
895,Instant Pasta,Grains,3766.19,11,Grains Solutions Inc.
896,Pure Bread,Grains,3057.75,39,Grains Solutions Inc.
897,Instant Crackers,Snacks,1716.62,47,Snacks Solutions Inc.
898,Classic Tea,Beverages,3285.54,122,Beverages Solutions Inc.
899,Organic Hair Gel,Personal Care,2600.7,0,Personal Care Solutions Inc.
900,Gourmet Watch,Electronics,1133.73,7,Electronics Solutions Inc.
901,Spicy Fish Sticks,Frozen Foods,2888.15,34,Frozen Foods Solutions Inc.
902,Instant Soap,Personal Care,1032.34,118,Personal Care Solutions Inc.
903,Gourmet Speaker,Electronics,4111.56,3,Electronics Solutions Inc.
904,Organic Muffin,Bakery,3258.45,75,Bakery Solutions Inc.
905,Spicy Grapes,Produce,1960.96,200,Produce Solutions Inc.
906,Premium Crackers,Snacks,101.15,40,Snacks Solutions Inc.
907,Organic Ice Cream,Frozen Foods,3666.24,63,Frozen Foods Solutions Inc.
908,Sweet Laptop,Electronics,4450.82,191,Electronics Solutions Inc.
909,Golden Crackers,Snacks,4036.34,135,Snacks Solutions Inc.
910,Pure Cheese,Dairy,1101.4,80,Dairy Solutions Inc.
911,Organic Baguette,Bakery,1282.1,2,Bakery Solutions Inc.
912,Sweet Toothpaste,Personal Care,926.65,73,Personal Care Solutions Inc.
913,Spicy Lotion,Personal Care,706.46,134,Personal Care Solutions Inc.
914,Golden Lotion,Personal Care,3880.89,131,Personal Care Solutions Inc.
915,Classic Hair Gel,Personal Care,2914.27,127,Personal Care Solutions Inc.
916,Spicy Chocolate,Snacks,1564.61,73,Snacks Solutions Inc.
917,Golden Pizza,Frozen Foods,4079.19,115,Frozen Foods Solutions Inc.
918,Sweet Cleaner,Household,4078.07,182,Household Solutions Inc.
919,Sweet Apples,Produce,1238.75,31,Produce Solutions Inc.
920,Instant Butter,Dairy,2398.77,24,Dairy Solutions Inc.
921,Pure Keyboard,Electronics,3144.15,66,Electronics Solutions Inc.
922,Pure Nuts,Snacks,1219.95,89,Snacks Solutions Inc.
923,Gourmet Iced Tea,Beverages,2788.94,194,Beverages Solutions Inc.
924,Premium Soap,Household,4919.01,99,Household Solutions Inc.
925,Spicy Flour,Grains,1724.74,184,Grains Solutions Inc.
926,Instant Lotion,Personal Care,2281.96,139,Personal Care Solutions Inc.
927,Classic Crackers,Snacks,2314.55,119,Snacks Solutions Inc.
928,Pure Lotion,Personal Care,155.43,76,Personal Care Solutions Inc.
929,Organic Fish Sticks,Frozen Foods,1598.74,77,Frozen Foods Solutions Inc.
930,Organic Soap,Personal Care,1176.99,30,Personal Care Solutions Inc.
931,Instant Keyboard,Electronics,1448.81,32,Electronics Solutions Inc.
932,Sweet Mouse,Electronics,1335.57,121,Electronics Solutions Inc.
933,Instant Soap,Household,1965.78,127,Household Solutions Inc.
934,Gourmet Burrito,Frozen Foods,1244.26,57,Frozen Foods Solutions Inc.
935,Golden Bagel,Bakery,1415.9,119,Bakery Solutions Inc.
936,Instant Speaker,Electronics,2501.73,44,Electronics Solutions Inc.
937,Premium Eggs,Dairy,3341.05,10,Dairy Solutions Inc.
938,Gourmet Onions,Produce,422.82,121,Produce Solutions Inc.
939,Pure Rice Cakes,Snacks,3670.47,59,Snacks Solutions Inc.
940,Spicy Chicken Nuggets,Frozen Foods,293.07,164,Frozen Foods Solutions Inc.
941,Organic Cookies,Snacks,2799.77,45,Snacks Solutions Inc.
942,Premium Cream,Dairy,2649.14,106,Dairy Solutions Inc.
943,Gourmet Lemonade,Beverages,41.35,158,Beverages Solutions Inc.
944,Sweet Donut,Bakery,645.62,55,Bakery Solutions Inc.
945,Golden Cake,Bakery,3822.5,10,Bakery Solutions Inc.
946,Organic Potatoes,Produce,1351.56,83,Produce Solutions Inc.
947,Gourmet Berries,Frozen Foods,4190.16,156,Frozen Foods Solutions Inc.
948,Golden Sponge,Household,4422.77,33,Household Solutions Inc.
949,Golden Watch,Electronics,2472.02,14,Electronics Solutions Inc.
950,Organic Disinfectant,Household,3147.27,200,Household Solutions Inc.
951,Sweet Cream,Dairy,3876.55,193,Dairy Solutions Inc.
952,Gourmet Beans,Grains,1909.61,86,Grains Solutions Inc.
953,Gourmet Energy Drink,Beverages,525.39,115,Beverages Solutions Inc.
954,Organic Dumplings,Frozen Foods,1205.27,5,Frozen Foods Solutions Inc.
955,Sweet Monitor,Electronics,3789.75,82,Electronics Solutions Inc.
956,Sweet Strawberries,Produce,249.33,148,Produce Solutions Inc.
957,Gourmet Energy Drink,Beverages,3603.04,8,Beverages Solutions Inc.
958,Spicy Hair Gel,Personal Care,1894.42,138,Personal Care Solutions Inc.
959,Spicy Juice,Beverages,627.16,63,Beverages Solutions Inc.
960,Spicy Detergent,Household,3072.59,89,Household Solutions Inc.
961,Sweet Iced Tea,Beverages,4524.5,187,Beverages Solutions Inc.
962,Organic Iced Tea,Beverages,2194.53,88,Beverages Solutions Inc.
963,Spicy Grapes,Produce,1558.81,108,Produce Solutions Inc.
964,Classic Energy Bar,Snacks,3777.66,11,Snacks Solutions Inc.
965,Sweet Barley,Grains,488.63,119,Grains Solutions Inc.
966,Premium Sponge,Household,286.62,41,Household Solutions Inc.
967,Organic Rice Cakes,Snacks,3846.33,46,Snacks Solutions Inc.
968,Premium Pasta,Grains,3259.49,157,Grains Solutions Inc.
969,Organic Mouthwash,Personal Care,1562.65,16,Personal Care Solutions Inc.
970,Spicy Beans,Grains,4857.05,189,Grains Solutions Inc.
971,Spicy Barley,Grains,3728.66,154,Grains Solutions Inc.
972,Golden Headphones,Electronics,1525.24,95,Electronics Solutions Inc.
973,Pure Keyboard,Electronics,3482.62,63,Electronics Solutions Inc.
974,Gourmet Detergent,Household,1471.81,130,Household Solutions Inc.
975,Gourmet Fabric Softener,Household,1320.75,65,Household Solutions Inc.
976,Gourmet Butter,Dairy,2713.1,34,Dairy Solutions Inc.
977,Spicy Shaving Cream,Personal Care,2072.05,60,Personal Care Solutions Inc.
978,Premium Crackers,Snacks,3771.76,178,Snacks Solutions Inc.
979,Sweet Baguette,Bakery,4722.89,6,Bakery Solutions Inc.
980,Pure Vegetables,Frozen Foods,4466.06,128,Frozen Foods Solutions Inc.
981,Sweet Camera,Electronics,2765.97,133,Electronics Solutions Inc.
982,Golden Chicken Nuggets,Frozen Foods,3329.32,32,Frozen Foods Solutions Inc.
983,Instant Ice Cream,Frozen Foods,3727.48,65,Frozen Foods Solutions Inc.
984,Fresh Coconut Water,Beverages,984.83,77,Beverages Solutions Inc.
985,Classic Chips,Snacks,3081.23,158,Snacks Solutions Inc.
986,Organic Brownie,Bakery,287.18,33,Bakery Solutions Inc.
987,Instant Tea,Beverages,1080.03,28,Beverages Solutions Inc.
988,Fresh Pasta,Grains,1253.69,147,Grains Solutions Inc.
989,Golden Lentils,Grains,4198.44,101,Grains Solutions Inc.
990,Instant Milk,Dairy,2320.38,32,Dairy Solutions Inc.
991,Pure Fries,Frozen Foods,2870.03,64,Frozen Foods Solutions Inc.
992,Fresh Headphones,Electronics,1935.17,197,Electronics Solutions Inc.
993,Organic Spinach,Produce,356.9,123,Produce Solutions Inc.
994,Spicy Sourdough,Bakery,957.04,85,Bakery Solutions Inc.
995,Spicy Tea,Beverages,2595.08,28,Beverages Solutions Inc.
996,Gourmet Keyboard,Electronics,1482.63,100,Electronics Solutions Inc.
997,Fresh Potatoes,Produce,3776.99,121,Produce Solutions Inc.
998,Golden Bananas,Produce,3209.26,67,Produce Solutions Inc.
999,Pure Headphones,Electronics,2531.88,41,Electronics Solutions Inc.
1000,Instant Fish Sticks,Frozen Foods,1258.43,158,Frozen Foods Solutions Inc.
